{"cameraMode":{"drawMode":0,"name":"Shaded","section":"Shading Mode"},"sceneLighting":true,"audioPlay":false,"sceneViewState":{"showFog":true,"showMaterialUpdate":false,"showSkybox":true,"showFlares":true,"showImageEffects":true,"showParticleSystems":true},"in2DMode":false,"pivot":{"x":-0.2851327657699585,"y":0.20438992977142335,"z":0.332988440990448},"rotation":{"x":0.15056708455085755,"y":-0.13125328719615937,"z":0.020174555480480195,"w":0.9796655774116516},"size":2.528402328491211,"orthographic":true}