{"cameraMode":{"drawMode":0,"name":"Shaded","section":"Shading Mode"},"sceneLighting":true,"audioPlay":false,"sceneViewState":{"showFog":true,"showMaterialUpdate":false,"showSkybox":false,"showFlares":true,"showImageEffects":true,"showParticleSystems":true},"in2DMode":false,"pivot":{"x":1.100000023841858,"y":7.150000095367432,"z":1.100000023841858},"rotation":{"x":0.23477068543434144,"y":-0.011664284393191338,"z":0.002817385131493211,"w":0.9719769954681397},"size":7.700394153594971,"orthographic":false}