{"cameraMode":{"drawMode":0,"name":"Shaded","section":"Shading Mode"},"sceneLighting":false,"audioPlay":false,"sceneViewState":{"showFog":true,"showMaterialUpdate":false,"showSkybox":false,"showFlares":true,"showImageEffects":true,"showParticleSystems":true},"in2DMode":false,"pivot":{"x":178.98785400390626,"y":1831.0001220703125,"z":0.0},"rotation":{"x":0.1316169947385788,"y":0.001486870925873518,"z":-0.00019746327598113567,"w":0.9913005828857422},"size":927.7550048828125,"orthographic":false}