{"cameraMode":{"drawMode":0,"name":"Shaded","section":"Shading Mode"},"sceneLighting":false,"audioPlay":false,"sceneViewState":{"showFog":true,"showMaterialUpdate":false,"showSkybox":false,"showFlares":true,"showImageEffects":true,"showParticleSystems":true},"in2DMode":false,"pivot":{"x":-1.4493701457977296,"y":3.640597343444824,"z":-0.5293912291526794},"rotation":{"x":0.15702590346336366,"y":0.6264943480491638,"z":-0.13079020380973817,"w":0.7521637678146362},"size":2.557884693145752,"orthographic":false}