{"cameraMode":{"drawMode":0,"name":"Shaded","section":"Shading Mode"},"sceneLighting":false,"audioPlay":false,"sceneViewState":{"showFog":true,"showMaterialUpdate":true,"showSkybox":true,"showFlares":true,"showImageEffects":true,"showParticleSystems":true},"in2DMode":false,"pivot":{"x":-0.27878397703170779,"y":3.318269729614258,"z":-0.41180503368377688},"rotation":{"x":0.15940365195274354,"y":0.09313827753067017,"z":-0.015107551589608193,"w":0.9826986789703369},"size":4.057884693145752,"orthographic":false}