{"cameraMode":{"drawMode":0,"name":"Shaded","section":"Shading Mode"},"sceneLighting":false,"audioPlay":false,"sceneViewState":{"showFog":true,"showMaterialUpdate":false,"showSkybox":false,"showFlares":true,"showImageEffects":true,"showParticleSystems":true},"in2DMode":false,"pivot":{"x":-0.6515201330184937,"y":0.39640694856643679,"z":0.5613570213317871},"rotation":{"x":0.15702590346336366,"y":0.6264943480491638,"z":-0.13079020380973817,"w":0.7521637678146362},"size":2.2578837871551515,"orthographic":false}